<?xml version="1.0" encoding="UTF-8"?>
<project-private xmlns="http://www.netbeans.org/ns/project-private/1">
    <editor-bookmarks xmlns="http://www.netbeans.org/ns/editor-bookmarks/2" lastBookmarkId="0"/>
    <open-files xmlns="http://www.netbeans.org/ns/projectui-open-files/2">
        <group>
            <file>file:/C:/xampp/htdocs/templated-transit/cv.html</file>
            <file>file:/C:/xampp/htdocs/templated-transit/index.php</file>
            <file>file:/C:/xampp/htdocs/templated-transit/viz.html</file>
            <file>file:/C:/xampp/htdocs/templated-transit/law.html</file>
            <file>file:/C:/xampp/htdocs/templated-transit/systems.html</file>
        </group>
    </open-files>
</project-private>
